IT、情報処理の素養はこれからの時代の『読み書きそろばん』,あいてぃーじょうほうしょりのそようはこれからのじだいのよみかきそろばん
あ、やってるよ,あやってるよ
相手の言っていることを殊さらそうやって曲解して、揚げ足取りをしようとしているんでしょうけれども、それも空振りしていますよ、申しわけないけれども。,あいてのいっていることをことさらそうやってきょくかいしてあげあしとりをしようとしているんでしょうけれどもそれもからぶりしていますよもうしわけないけれども
相手を誹謗中傷したって何も生まれないんです,あいてをひぼうちゅうしょうしたってなにもうまれないんです
悪夢のような民主党政権,あくむのようなみんしゅとうせいけん
アサド政権は道を譲るべきだ,あさどせいけんはみちをゆずるべきだ
あなたが総理になってからやればいいじゃないか,あなたがそうりになってからやればいいじゃないか
朝日らしい、悪意と捏造に満ちたデッチ上げ記事です,あさひらしいあくいとねつぞうにみちたでっちあげきじです
安倍さん給料が上がったから発泡酒がビールに変わったんだよ,あべさんきゅうりょうがあがったからはっぽうしゅがびーるにかわったんだよ
安倍晋三,あべしんぞう
安倍晋三を貶めようということならやめたほうがいい,あべしんぞうをおとしめようということならやめたほうがいい
"安倍政権は""カネまみれ""だとこれとんでもない決めつけでありますよ",あべせいけんはかねまみれだとこれとんでもないきめつけでありますよ
アベノミクスは失敗だった,あべのみくすはしっぱいだった
あそこはまさにぎゅっとこう絞まっていまして,あそこはまさにぎゅっとこうしまっていまして
あの水じゃなくちゃ、絶対ダメなんだ！,あのみずじゃなくちゃぜったいだめなんだ
甘くなりました,あまくなりました
あまりにも委員が興奮されるからこういうのはしっかりと落ち着いた議論をしましょうよ,あまりにもいいんがこうふんされるからこういうのはしっかりとおちついたぎろんをしましょうよ
哀れですね。朝日らしい惨めな言い訳。予想通りでした。,あわれですねあさひらしいみじめないいわけよそうどおりでした
ありがとう げんきでね,ありがとうげんきでね
あれは独り言だったんですが、独り言が大きくなった,あれはひとりごとだったんですがひとりごとがおおきくなった
アンダーコントロール,あんだーこんとろーる
いい加減なことばっかり言うんじゃないよ,いいかげんなことばっかりいうんじゃないよ
反論させろよ、ちょっと。,はんろんさせろよちょっと
いいのかよそれだったら,いいのかよそれだったら
いいんだよ、そんなこと。推薦したって受賞できるか分からないし、受賞したらしたで高く売れるじゃないか,いいんだよそんなことすいせんしたってじゅしょうできるかわからないしじゅしょうしたらしたでたかくうれるじゃないか
行け、安倍晋三,いけあべしんぞう
石破本人と石破についた議員は徹底して干し上げる,いしばほんにんといしばについたぎいんはてっていしてほしあげる
移設先となる本土の理解が得られない,いせつさきとなるほんどのりかいがえられない
一部の国そして民族や文化を排除しようというあるいは憎悪を煽るような過激な言動は決してあってはならない,いちぶのくにそしてみんぞくやぶんかをはいじょしようというあるいはぞうおをあおるようなかげきなげんどうはけっしてあってはならない
一部の人だけに富が集まるあるいは無法者が得をする状態をつくってはなりません,いちぶのひとだけにとみがあつまるあるいはむほうものがとくをするじょうたいをつくってはなりません
一瞬、絶頂期を迎えて、高飛車な態度になってしまったのですかね,いっしゅんぜっちょうきをむかえてたかびしゃなたいどになってしまったのですかね
一生懸命貶めようとしているその努力は認めますよ,いっしょうけんめいおとしめようとしているそのどりょくはみとめますよ
行ってきます,いってきます
いっぱいいるよ,いっぱいいるよ
一般会計のプライマリーバランスも改ざんさせております,いっぱんかいけいのぷらいまりーばらんすもかいざんさせております
一般社団法人Colaboは、大変重要な活動をされていると考えています,いっぱんしゃだんほうじんこらぼはたいへんじゅうようなかつどうをされているとかんがえています
イッポンを、トリモロス,いっぽんをとりもろす
一方的に名前が出され私は大変当惑をいたしております,いっぽうてきになまえがだされわたしはたいへんとうわくをいたしております
いつまで続くのか、この苛立ちと不安,いつまでつづくのかこのいらだちとふあん
伊藤博文は畳の上で死にたくないと言っていた,いとうひろぶみはたたみのうえでしにたくないといっていた
意味のない質問だよ,いみのないしつもんだよ
いやオレも疲れるんだよ,いやおれもつかれるんだよ
いや責任があるから責任を私の私の責任を取ると…,いやせきにんがあるからせきにんをわたしのわたしのせきにんをとると
いわばまさに,いわばまさに
インターネットは、自由な空間です,いんたねっとはじゆうなくうかんです
隠蔽というのはですね、隠蔽というのはー、隠蔽というのはじゃあ、わたくしが隠蔽したんですか,いんぺいというのはですねいんぺいというのはいんぺいというのはじゃあわたくしがいんぺいしたんですか
ウィンウィン,うぃんうぃん
ウニについては合意しましたよ,うにについてはごういしましたよ
膿を出し切る,うみをだしきる
裏切り者は絶対に許さない！,うらぎりものはぜったいにゆるさない
ウラジーミル、君と僕は同じ未来を見ている,うらじみるくんとぼくはおなじみらいをみている
二人の力で駆けて、駆け、駆け抜けようではありませんか,ふたりのちからでかけてかけかけぬけようではありませんか
美しい星50,うつくしいほしごぜろ
エマ・トンプソン（エマ・ワトソン）,えまとんぷそんえまわとそん
円が300円になったらあっという間に経済は回復していくという考えはどうか,えんがさんぜろぜろえんになったらあっというまにけいざいはかいふくしていくというかんがえはどうか
エンゲル係数上昇は食生活の変化によるものです,えんげるけいすうじょうしょうはしょくせいかつのへんかによるものです
お祝いはどこでやるの,おいわいはどこでやるの
応援するよ。女性初の総理大臣、いいじゃないか,おうえんするよじょせいはつのそうりだいじんいいじゃないか
おお、おお！,おおおお
大げさだよ,おおげさだよ
おかしいよ,おかしいよ
音がうるさくてね。ちょっとね音がうるさいんだけど。ええ。,おとがうるさくてねちょっとねおとがうるさいんだけどええ
「お父さん、憲法違反なの」と言われた自衛官すらいます,おとうさんけんぽういはんなのといわれたじえいかんすらいます
私が言っていること、嘘だって言っているんでしょうそれ,わたしがいっていることうそだっていっているんでしょうそれ
お父さんも恋人を誘って、お母さんは昔の恋人を探し出して投票箱に足を運んでください,おとうさんもこいびとをさそっておかあさんはむかしのこいびとをさがしだしてとうひょうばこにあしをはこんでください
同じアベでもずいぶん違いますね,おなじあべでもずいぶんちがいますね
覚えてろ、次はお前らを倒してやる,おぼえてろつぎはおまえらをたおしてやる
お前もたまには1回くらい挫折しとけよ。そのほうが一皮むけて大きな政治家になれるよ,おまえもたまにはいちかいくらいざせつしとけよそのほうがひとかわむけておおきなせいじかになれるよ
オレだって、本当は平和が好きなんだよ,おれだってほんとうはへいわがすきなんだよ
御社のネットでも布マスク3300円で販売をしておられたということは承知をしております,おんしゃのねっとでもぬのますくさんさんぜろぜろえんではんばいをしておられたということはしょうちをしております
御党の辻元議員にも同じことが起こっているじゃないですか,おとうのつじもとぎいんにもおなじことがおこっているじゃないですか
改革実行力があるのは私たち自民党と、そして民主党であります,かいかくじっこうりょくがあるのはわたしたちじみんとうとそしてみんしゅとうであります
外交交渉はね、すがったら終わりなんです、男女の関係もそうですからね。,がいこうこうしょうはねすがったらおわりなんですだんじょのかんけいもそうですからね
外国から絶対に影響を受けてはならない,がいこくからぜったいにえいきょうをうけてはならない
ガイチテキ,がいちてき
柿くえば ◯◯◯◯◯◯◯ 奈良のまち」,かきくえばならのまち
閣議決定,かくぎけってい
格差なんていつの時代でもある、じゃあ朝日新聞の給料はいくらなんですか,かくさなんていつのじだいでもあるじゃああさひしんぶんのきゅうりょうはいくらなんですか
過去を振り返っても、あるいは前政権を批判しても、今現在、私たちが直面をしている危機、課題が解決されるわけではありません,かこをふりかえってもあるいはまえせいけんをひはんしてもいまげんざいわたしたちがちょくめんをしているききかだいがかいけつされるわけではありません
カツカレーが3500円する高級品だと批判した新聞社のカツカレーは5000円を超えているとネットで流れていた。時代は変わったと感じる,かつかれがさんごぜろぜろえんするこうきゅうひんだとひはんしたしんぶんしゃのかつかれはごぜろぜろぜろえんをこえているとねっとでながれていたじだいはかわったとかんじる
学校で皆からアベベと呼ばれていたんですよ,がっこうでみなからあべべとよばれていたんですよ
かつて、かつて偽メール、かつて偽メール事件がありましたね。かつて偽メール事件というのがあった。,かつてかつてにせめるかつてにせめるじけんがありましたねかつてにせめるじけんというのがあった
仮定の質問にはお答えすることはできない,かていのしつもんにはおこたえすることはできない
金はいくらでも出す。官房機密費もあるから,きんはいくらでもだすかんぼうきみつひもあるから
必ず勝ち取れ,かならずかちとれ
過半数があれば、それはﾌﾙﾁﾝになっていく,かはんすうがあればそれはふるちんになっていく
カブ（株）が上がりますように,かぶかぶがあがりますように
香山リカしは論外,かやまりかしはろんがい
彼こそ本当の『言うだけ番長』なのだけど,かれこそほんとうのいうだけばんちょうなのだけど
彼は強烈なリアリストなのです,かれはきょうれつなりありすとなのです
仮に自分が望まれるなら、自然と機運が高まり、私に対する熱気が一気に高まるはずだ,かりにじぶんがのぞまれるならしぜんときうんがたかまりわたしにたいするねっきがいっきにたかまるはずだ
勘ぐれ、お前,かんぐれおまえ
菅さんは（歴代首相に）入れないことに決めたから、菅さんは入らないよ,かんさんはれきだいしゅしょうにいれないことにきめたからかんさんはいらないよ
完全にブロック,かんぜんにぶろっく
簡単だった すごく簡単,かんたんだったすごくかんたん
聞いているように見えて、全然聞いてないんだよね,きいているようにみえてぜんぜんきいてないんだよね
岸田さんは怖い人だよ。自分にも他人にも、痛みを感じない。落胆もしないから、絶対に諦めない,きしださんはこわいにんだよじぶんにもたにんにもいたみをかんじないらくたんもしないからぜったいにあきらめない
キミじゃなくてよかったよ,きみじゃなくてよかったよ
君はアベノミクスを批判するのか？,くんはあべのみくすをひはんするのか
共産党！,きょうさんとう
議論はいよいよ煮詰まってきている,ぎろんはいよいよにつまってきている
きわめてマヌケな議員,きわめてまぬけなぎいん
極めて私は不愉快ですよ極めて私は不愉快なんです,きわめてわたしはふゆかいですよきわめてわたしはふゆかいなんです
気をつけよう、甘い言葉と民進党,きをつけようあまいことばとみんしんとう
気を引き締めていきます,きをひきしめていきます
金融庁は大バカ者だな。こんなことを書いて,きんゆうちょうはだいばかものだなこんなことをかいて
くだらない質問で終わっちゃったね、また,くだらないしつもんでおわっちゃったねまた
国がめちゃくちゃになる,くにがめちゃくちゃになる
クラクラする,くらくらする
くるくる回して力強く回して前に進んでいく必要がある,くるくるまわしてちからづよくまわしてまえにすすんでいくひつようがある
敬意・感謝・絆あればウイルス克服できる,けいいかんしゃきずなあればういるすこくふくできる
景気回復、この道しかない,けいきかいふくこのみちしかない
結構でございました。元気が出てくるようだ,けっこうでございましたげんきがでてくるようだ
兼山のハマグリは土佐の海に定着しました,かねやまのはまぐりはとさのうみにていちゃくしました
健康食品の機能性表示を解禁いたします,けんこうしょくひんのきのうせいひょうじをかいきんいたします
原稿には残念ながら山口県の物産が書いていない。よく忖度してほしい,げんこうにはざんねんながらやまぐちけんのぶっさんがかいていないよくそんたくしてほしい
検査数増えれば、感染者の絶対数増える可能性ある,けんさかずふえればかんせんしゃのぜったいすうふえるかのうせいある
現場も一生懸命、巨乳,げんばもいっしょうけんめいきょにゅう
権力はガンガンガンガン使うものなんですよ,けんりょくはがんがんがんがんつかうものなんですよ
憲法について、考え方の一つとして、いわば国家権力を縛るものだという考え方はありますが、しかし、それはかつて王権が絶対権力を持っていた時代の主流的な考え方,けんぽうについてかんがえかたのひとつとしていわばこっかけんりょくをしばるものだというかんがえかたはありますがしかしそれはかつておうけんがぜったいけんりょくをもっていたじだいのしゅりゅうてきなかんがえかた
小池さんは、常にジョーカーです,こいけさんはつねにじょかです
小泉さんはいいんだよ。外交のセンスがすごくあるのだ,こいずみさんはいいんだよがいこうのせんすがすごくあるのだ
乞うご期待です,こうごきたいです
(ここで水を飲む),ここでみずをのむ
国民の厳しい目が注がれていることを十分に意識しながら、事実に基づき、丁寧な上にも丁寧な説明をしていく努力を重ねていきたい,こくみんのいかめしいめがそそがれていることをじゅうぶんにいしきしながらじじつにもとづきていねいなうえにもていねいなせつめいをしていくどりょくをおもねていきたい
国会答弁で悪夢のような民主党と言ったことはない,こっかいとうべんであくむのようなみんしゅとうといったことはない
子供が生まれたのに保健所に預けられない,こどもがうまれたのにほけんしょにあずけられない
この甘さをとりながら、ストレスを解消する,このあまさをとりながらすとれすをかいしょうする
この心構えがそんなにおかしんでしょうかね、皆さん,このこころがまえがそんなにおかしんでしょうかねみなさん
この点の認識を北京の人々はとりわけ習近平主席は断じて見誤るべきではありません,このてんのにんしきをぺきんのひとびとはとりわけしゅうきんぺいしゅせきはだんじてけんあやまるべきではありません
このネクタイ大事にする,このねくたいだいじにする
このように利用されるのは最初から分かりきったこと,このようにりようされるのはさいしょからわかりきったこと
ご飯が欲しくなるね,ごめしがほっしくなるね
米も一つひとつが立ってて、輝いて,こめもひとつひとつがたっててかがやいて
これいくら？買っていこうかな,これいくらかっていこうかな
これから、トランプ大統領をお迎えします！,これからとらんぷだいとうりょうをおむかえします
これからの長い人生、失敗はつきもの。何回も失敗するかもしれない。大切なことはそこから立ち上がること。そして失敗から学べれば、もっとすばらしい,これからのながいじんせいしっぱいはつきものなんかいもしっぱいするかもしれないたいせつなことはそこからたちあがることそしてしっぱいからまなべればもっとすばらしい
これで私も終わりかもしれないね,これでわたしもおわりかもしれないね
これには反応しません,これにははんのうしません
これは一体何なんだと思うわけでして,これはいったいなになんだとおもうわけでして
これはインチキなんですよ,これはいんちきなんですよ
これは随分 辛口だ,これはずいぶんからくちだ
これは糖度の大変高い（トマト）,これはとうどのたいへんたかいとまと
これはちょっと3秒くらい考えればわかることだと思いますよ,これはちょっとさんびょうくらいかんがえればわかることだとおもいますよ
これはですね、街の声ですから。みなさん選んでいると思いますよ、もしかしたらね,これはですねまちのこえですからみなさんえらんでいるとおもいますよもしかしたらね
これは何が書いてあるのかな？,これはなにがかいてあるのかな
これはポル・ポトやスターリンが行おうとしたことです,これはぽるぽとやすたりんがおこなおうとしたことです
これは本当にまあ暴走してると思うね ジェンダーフリーナチズムみたいな,これはほんとうにまあぼうそうしてるとおもうねじぇんだふりなちずむみたいな
ゴルフは駄目でですね、テニスはいいのか、将棋ははいいのか、ということなんだろうと思いますよ,ごるふはだめでですねてにすはいいのかしょうぎははいいのかということなんだろうとおもいますよ
根拠のないことを言うのは嘘をつくのと同じですよ,こんきょのないことをいうのはうそをつくのとおなじですよ
今後とも私が先頭に立ちドリルの刃となってあらゆる岩盤規制を打ち破っていく決意だ,こんごともわたしがせんとうにたちどりるのはとなってあらゆるがんばんきせいをうちやぶっていくけついだ
こんな議論をやってたんじゃ何時間やったって同じですよ,こんなぎろんをやってたんじゃなんじかんやったっておなじですよ
こんなの通しちゃ駄目だよ,こんなのとうしちゃだめだよ
こんな人達に負けるわけにはいかない！,こんなひとたちにまけるわけにはいかない
サァバッ,さぁばっ
最強の第三者機関と言われるこの検察がしっかりと捜査をした結果がもう既に出ている,さいきょうのだいさんしゃきかんといわれるこのけんさつがしっかりとそうさをしたけっかがもうすでにでている
最近、学会幹部から慎重に行動するように言われ、恐ろしい団体だと思った,さいきんがっかいかんぶからしんちょうにこうどうするようにいわれおそろしいだんたいだとおもった
再犯防止,さいはんぼうし
櫻田大臣においては、文部科学副大臣としてオリンピック招致に大変御尽力した一人でございまして,さくらだだいじんにおいてはもんぶかがくふくだいじんとしておりんぴっくしょうちにたいへんごじんりょくしたひとりでございまして
サリンを弾頭に付けて着弾させるという能力については既に北朝鮮は保有している可能性がある,さりんをだんとうにつけてちゃくだんさせるというのうりょくについてはすでにきたちょうせんはほゆうしているかのうせいがある
Thank you very much.,てぃーえいちえーえぬけーわいおーゆーぶいいーあーるわいえむゆーしーえいち
3カ国の首脳は三国時代の「魏」「呉」「蜀」ではなく相争う者どうしではない,さんかくにのしゅのうはさんごくじだいのぎくれしょくではなくそうあらそうものどうしではない
珊瑚は大切に。,さんごはたいせつに
３・５年（寿命が）延びたね,ねんじゅみょうがのびたね
慚愧に堪えない思いであります,ざんきにこたえないおもいであります
三方よしということになるのではないか,みかたよしということになるのではないか
紫雲院殿政誉清浄晋寿大居士,しうんいんでんまつりごとよせいじょうすすむひさしだいこじ
自衛隊の諸君に愛する家族がいることを私は知っています,じえいたいのしょくんにあいするかぞくがいることをわたしはしっています
自衛隊を合憲化する,じえいたいをごうけんかする
事実上論破をさせていただいたと思っている,じじつじょうろんぱをさせていただいたとおもっている
事実4000ページ、これはみなさんも読んでおられないと思います,じじつよんぜろぜろぜろぺじこれはみなさんもよんでおられないとおもいます
時代を切り開いていこうとすれば、時には強い風圧を受けることもありますが,じだいをきりひらいていこうとすればときにはつよいふうあつをうけることもありますが
しっかりと受け継がれていくと私は確信しております,しっかりとうけつがれていくとわたしはかくしんしております
実際に行為を行っていた人、監督を担っていた人が責任を認識しなければいけない,じっさいにこういをいっていたにんかんとくをになっていたにんがせきにんをにんしきしなければいけない
実に「読ませるインタビュー」でした,じつによませるいんたびゅでした
実務をこなしているのは、政府なんだけれどなあ,じつむをこなしているのはせいふなんだけれどなあ
失礼な奴だ,しつれいなやつだ
自民党は結党以来強行採決しようと考えたことはない,じみんとうはけっとういらいきょうこうさいけつしようとかんがえたことはない
自民党は老壮青、人材の宝庫であります,じみんとうはろうそうあおじんざいのほうこであります
自分は嘘をついてしまったと認めた方がいいと思いますよ,じぶんはうそをついてしまったとみとめたほうがいいとおもいますよ
自分は5年で返り咲きました。あなたにも、いずれそういう日がやって来ますよ,じぶんはごねんでかえりざきましたあなたにもいずれそういうにちがやってきますよ
自分一人で判断をした,じぶんひとりではんだんをした
SHINE！,えすえいちあいえぬいー
週刊誌が本当だったら、亀井さんは大変な事になってますよ,しゅうかんしがほんとうだったらかめいさんはたいへんなことになってますよ
10年で国民の総所得を150万円増やしてまいります,いちぜろねんでこくみんのそうしょとくをいちごぜろまんえんふやしてまいります
首相とは長い付き合いだが、今までで最も面白いジョークだ,しゅしょうとはながいつきあいだがいままででもっともおもしろいじょくだ
首脳同士が握手するだけで地域の平和につながる,しゅのうどうしがあくしゅするだけでちいきのへいわにつながる
主の大御神様、救い主様、聖珠様、教え主様,おものおおみかさますくいしゅさまひじりしゅさまおしえしゅさま
春節に際して、更に多くの中国の皆様が訪日されることを楽しみにしています,しゅんせつにさいしてさらにおおくのちゅうごくのみなさまがほうにちされることをたのしみにしています
障害者雇用の短時間勤務職員,しょうがいしゃこようのたんじかんきんむしょくいん
人道上の観点から、資格を有する外国人の方には生活保護を支給しています,じんどううえのかんてんからしかくをゆうするがいこくじんのほうにはせいかつほごをしきゅうしています
新入社員っていうのは失敗するんですよね。,しんにゅうしゃいんっていうのはしっぱいするんですよね
森羅万象,しんらばんしょう
侵略という定義については、これは学界的にも国際的にも定まっていないと言ってもいいんだろうと思うわけでございます,しんりゃくというていぎについてはこれはがっかいてきにもこくさいてきにもさだまっていないといってもいいんだろうとおもうわけでございます
水銀による被害とその克服を経たわれわれだからこそ、世界から水銀の被害をなくすため、先頭に立って力を尽くす責任が日本にはある,すいぎんによるひがいとそのこくふくをへたわれわれだからこそせかいからすいぎんのひがいをなくすためせんとうにたってちからをつくすせきにんがにっぽんにはある
菅ちゃん、頼むよ,かんちゃんたのむよ
菅ちゃん、ちょっとまとめてよ,かんちゃんちょっとまとめてよ
スギハラアダチ,すぎはらあだち
ずぶずぶの関係とかいう品の悪い言葉,ずぶずぶのかんけいとかいうひんのわるいことば
すみません委員長ちょっと外の方がうるさくて,すみませんいいんちょうちょっとそとのほうがうるさくて
政権に都合のいい情報隠蔽は起こらない,せいけんにつごうのいいじょうほういんぺいはおこらない
背後（せいご）,はいごせいご
聖子ちゃんとは何回もハグしてるんだけどね。一杯飲んだら,せいこちゃんとはなんかいもはぐしてるんだけどねいっぱいのんだら
聖子ちゃん、〇〇やってよ,せいこちゃんやってよ
政策の失敗というが、失敗ではなくて、福島委員が政権におられたときよりも20万人、40万人増やしている,せいさくのしっぱいというがしっぱいではなくてふくしまいいんがせいけんにおられたときよりもにぜろばんにんよんぜろばんにんふやしている
政治責任うんぬんというのは理解できない,せいじせきにんうんぬんというのはりかいできない
政治とお金の問題にこれから根本的にメスを入れていくこと そして腐敗を厳しく防止する法律を一刻も早く作ること,せいじとおきんのもんだいにこれからこんぽんてきにめすをいれていくことそしてふはいをいかめしくぼうしするほうりつをいっこくもはやくつくること
政治は結果なんですよ,せいじはけっかなんですよ
政治は未来のためにある,せいじはみらいのためにある
政調会長が説明してくれないと収まりません！,せいちょうかいちょうがせつめいしてくれないとおさまりません
責任…ですかね,せきにんですかね
選挙で当選しなかったから捕まったんだよ（笑）,せんきょでとうせんしなかったからつかまったんだよわらい
選挙のためなら何でもする 誰とも組む 無責任な勢力に負ける訳にはいかない,せんきょのためならなんでもするだれともくむむせきにんなせいりょくにまけるわけにはいかない
税収というのは国民から吸い上げたものでありまして,ぜいしゅうというのはこくみんからすいあげたものでありまして
絶対に捕まらないようにします,ぜったいにつかまらないようにします
全然、ムッとしていないですよ。ただ1か所、気になったところがあった,ぜんぜんむっとしていないですよただいちかところきになったところがあった
先輩がご迷惑をおかけしたことをおわびしなければいけない,せんぱいがごめいわくをおかけしたことをおわびしなければいけない
そういう新しい獣医大学の考えはいいね,そういうあたらしいじゅういだいがくのかんがえはいいね
そういう親も指導しなければ行けない時代に、もう来ているのかなと思う,そういうおやもしどうしなければいけないじだいにもうきているのかなとおもう
そういう子供っぽいことはやめましょうよ,そういうこどもっぽいことはやめましょうよ
相当詳しく読売新聞に書いてありますから,そうとうくわしくよみうりしんぶんにかいてありますから
そうやって印象操作を一生懸命されていますけれども、一生懸命、一生懸命、そうやって一生懸命印象操作をされていますけれども,そうやっていんしょうそうさをいっしょうけんめいされていますけれどもいっしょうけんめいいっしょうけんめいそうやっていっしょうけんめいいんしょうそうさをされていますけれども
総理大臣として事実を述べてはならないということではないんだろう,そうりだいじんとしてじじつをのべてはならないということではないんだろう
総理大臣なので森羅万象全て担当していますから,そうりだいじんなのでしんらばんしょうすべてたんとうしていますから
そこでおいしいおいしいヨーグルトになりたいと思う,そこでおいしいおいしいよぐるとになりたいとおもう
外に出すことを前提にしていない発言,そとにだすことをぜんていにしていないはつげん
その資料はなんだよ,そのしりょうはなんだよ
そのとき社会はあたかもリセット・ボタンを押したようになって、日本の景色は一変するでしょう,そのときしゃかいはあたかもりせっとぼたんをおしたようになってにっぽんのけしきはいっぺんするでしょう
その北方領土については、の島々には、我が国が主権、北方領土の島々は我が国が主権を有する島々であるという立場でございます。,そのほっぽうりょうどについてはのしまにはわがくにがしゅけんほっぽうりょうどのしまはわがくにがしゅけんをゆうするしまであるというたちばでございます
『そもそも』という言葉の意味について、辞書で念のために調べてみたわけでありますが、これは『基本的に』という意味もある,そもそもということばのいみについてじしょでねんのためにしらべてみたわけでありますがこれはきほんてきにといういみもある
それはインフレがどんどん進んでいくという問題、もう1点は円の価値がどんどん暴落していくという問題。,それはいんふれがどんどんすすんでいくというもんだいもういちてんはえんのかちがどんどんぼうらくしていくというもんだい
それは私の事務所に関わることでありますから、担当する大臣から答弁させたいと思います,それはわたしのじむしょにかかわることでありますからたんとうするだいじんからとうべんさせたいとおもいます
そんなことできるはずがないじゃないですか,そんなことできるはずがないじゃないですか
そんなことより、一度は理想の上司と書かれてみたいものであります,そんなことよりいちどはりそうのじょうしとかかれてみたいものであります
そんなに興奮しないでください,そんなにこうふんしないでください
大丈夫だから、私を信じてついて来なさい,だいじょうぶだからわたしをしんじてついてこなさい
大体本当に悪巧みをしようとしたらそんな写真なんか出しませんよ,だいたいほんとうにわるだくみをしようとしたらそんなしゃしんなんかだしませんよ
代表なくして課税なし,だいひょうなくしてかぜいなし
大変、妄想をたくましくしておられますが、そんな事実は全くありません,たいへんもうそうをたくましくしておられますがそんなじじつはまったくありません
大量破壊兵器がないと証明できなかったイラクが悪い,たいりょうはかいへいきがないとしょうめいできなかったいらくがわるい
台湾の大根もだいぶウンチに近いよね,たいわんのだいこんもだいぶうんちにちかいよね
高市早苗を応援しない,たかいちさなえをおうえんしない
高市さんね、夫婦別氏、あれはダメだよ,たかいちさんねふうふべつしあれはだめだよ
高い倫理観を持て,たかいりんりかんをもて
だから、すみませんって言ってるじゃないか,だからすみませんっていってるじゃないか
だから何だってんだ,だからなんだってんだ
出すべきときは出すべきだ,だすべきときはだすべきだ
だって、こ、これに、書い、これに書……これに、これに書いてないじゃないですか？,だってここれにかいこれにかきこれにこれにかいてないじゃないですか
誰かにもらったんだよ,だれかにもらったんだよ
タル,たる
ちなみにですね民主党政権下の三年間は,ちなみにですねみんしゅとうせいけんしたのさんねんかんは
中国は長きにわたり日本のお手本でした,ちゅうごくはながきにわたりにっぽんのおてほんでした
チョーゼバ、イターキマス,ちょぜばいたきます
（お箸クルンッ),おはしくるんっ
ちょっと遺憾だった,ちょっといかんだった
ちょっとトイレ行ってきていい？,ちょっとといれいってきていい
賃上げの花が舞い散る春の風,ちんあげのはながまいちるはるのかぜ
次は菅さんとやり合ってくださいよ,つぎはかんさんとやりあってくださいよ
次は私自身が金正恩委員長と向き合わなければならない,つぎはわたしじしんがかねまさおんいいんちょうとむきあわなければならない
訂正でんでん,ていせいでんでん
ＴＰＰ断固反対と言ったことは一回も、ただの一回もございません,だんこはんたいといったことはいっかいもただのいっかいもございません
できない理由を考えるのではなく！,できないりゆうをかんがえるのではなく
テンドンヘイカ、バンザーイ！,てんどんへいかばんざい
天に対してブーメランを投げているようなものであります,てんにたいしてぶめらんをなげているようなものであります
天皇、皇后両陛下には末永くお健やかであらせられますことを願っていません。,てんのうこうごうりょうへいかにはすえながくおすこやかであらせられますことをねがっていません
同期一の男前は岸田、頭いいのは茂木、性格いいのは安倍,どうきいちのおとこまえはきしだあたまいいのはもてぎせいかくいいのはあべ
東京都大田区の中小企業を経営する細貝さんは、仲間と共に、ボブスレー競技用「そり」の国産化プロジェクトを立ち上げました,とうきょうとおおたくのちゅうしょうきぎょうをけいえいするほそがいさんはなかまとともにぼぶすれきょうぎようそりのこくさんかぷろじぇくとをたちあげました
糖度が高いのでしょうね,とうどがたかいのでしょうね
高い糖度だね,たかいとうどだね
同年代に嫌われたと悲しい思いがする。新聞の愛読者層ではないか,どうねんだいにきらわれたとかなしいおもいがするしんぶんのあいどくしゃそうではないか
トゥマ,とぅま
同盟関係がよければ1＋1が2以上になりますが、同盟関係がなければ1＋1は1にしかならない危険性を持っている,どうめいかんけいがよければいちいちがにいじょうになりますがどうめいかんけいがなければいちいちはいちにしかならないきけんせいをもっている
ときどき疲れた時などわたしたちのことを思い出してください,ときどきつかれたときなどわたしたちのことをおもいだしてください
TOKIOの皆さんに、総理公邸でお目にかかりました,てぃーおーけーあいおーのみなさんにそうりこうていでおめにかかりました
独自に戦った方が、維新らしいんじゃないの？,どくじにたたかったほうがいしんらしいんじゃないの
独自のそのまさに妄想をたくましくしておられて、独自のこの議論をしておられるんだろうと、こう思いますよ。,どくじのそのまさにもうそうをたくましくしておられてどくじのこのぎろんをしておられるんだろうとこうおもいますよ
特定の考え方を持つ人たちのための政治を行うつもりはありません,とくていのかんがえかたをもつにんたちのためのせいじをおこなうつもりはありません
とこやに、行きました。,とこやにいきました
ドナルド、温かい言葉をありがとう。ドナルドの友情に心から感謝します。,どなるどあたたかいことばをありがとうどなるどのゆうじょうにこころからかんしゃします
とにかく徳を積め,とにかくとくをつめ
トランプ氏とプーチン氏はきっとうまが合うと思う,とらんぷしとぷちんしはきっとうまがあうとおもう
トリクルダウンの政策だとあったが私はそんなことは一度も言ったことはない,とりくるだうんのせいさくだとあったがわたしはそんなことはいちどもいったことはない
取り消しなさいと言われても取り消しません,とりけしなさいといわれてもとりけしません
内閣総理大臣がチェック機関としての役割を果たすことに資する組織,ないかくそうりだいじんがちぇっくきかんとしてのやくわりをはたすことにしするそしき
ないものを証明するのは『悪魔の証明』だ！ 調べようがない,ないものをしょうめいするのはあくまのしょうめいだしらべようがない
ないよ、そんなもん,ないよそんなもん
"亡くなられた""ミヤケさん""のような方が町の安全を守っているのだと思います",なくなられたみやけさんのようなほうがまちのあんぜんをまもっているのだとおもいます
７万戸の建物を壊し、一面を、業火と爆風に浚わせ、廃墟と化しました,まんこのたてものをこわしいちめんをごうかとばくふうにしゅんわせはいきょとかしました
何が菅談話だよ、全くばかばかしい,なにがかんだんわだよまったくばかばかしい
波平さんは、私より一つ若いんですね。ですから、五十七歳ですか。,なみへいさんはわたしよりひとつわかいんですねですからごじゅうななさいですか
なるべく冷静にしようと思い、息を４秒吸って、８秒で吐くようにしている,なるべくれいせいにしようとおもいいきをびょうすってびょうではくようにしている
何であなたはそんなにわからず屋なんだ,なんであなたはそんなにわからずやなんだ
逃げて逃げて逃げ回っているようでは国民の負託に応えることはできません,にげてにげてにげまわっているようではこくみんのふたくにこたえることはできません
20度！？,にぜろど
2021年7月23日、東京にラッパが鳴る。,にぜろにいちねんなながつにさんにちとうきょうにらっぱがなる
2020年という節目の年にあたり、世界中に嵐を巻き起こしていただきたい,にぜろにぜろねんというふしめのねんにあたりせかいじゅうにあらしをまきおこしていただきたい
2020年を新しい憲法が施行される年にしたい,にぜろにぜろねんをあたらしいけんぽうがしこうされるねんにしたい
日刊ゲンダイでも読んでみてくださいよ,にっかんげんだいでもよんでみてくださいよ
日教組！日教組！,にっきょうそにっきょうそ
日教組どうすんだ日教組！,にっきょうそどうすんだにっきょうそ
日本が大陸間弾道弾を作っても憲法上問題ない。憲法上は原子爆弾だって問題ない。小型ならば,にっぽんがたいりくかんだんどうだんをつくってもけんぽううえもんだいないけんぽううえはげんしばくだんだってもんだいないこがたならば
日本銀行は政府の子会社ですから,にっぽんぎんこうはせいふのこがいしゃですから
日本人の命、すべからく、国の最高責任者である私にあります,にほんじんのいのちすべからくくにのさいこうせきにんしゃであるわたしにあります
日本とスペインは自由、民主主義、人権、法の支配といった普遍的価値を共有し、世界の平和と発展のために貢献していく大切なパートナーだ,にっぽんとすぺいんはじゆうみんしゅしゅぎじんけんほうのしはいといったふへんてきかちをきょうゆうしせかいのへいわとはってんのためにこうけんしていくたいせつなぱとなだ
日本のイメージは大きく傷ついたわけであります,にっぽんのいめじはおおきくきずついたわけであります
日本の欠点を語ることに生きがいを求めるのではなく、日本の明日のために何をなすべきかを語り合おうではないか。,にっぽんのけってんをかたることにいきがいをもとめるのではなくにっぽんのあしたのためになにをなすべきかをかたりあおうではないか
日本の人口動態は逆説的ですが重荷ではなくボーナスなのです,にっぽんのじんこうどうたいはぎゃくせつてきですがおもにではなくぼなすなのです
日本の未来を担うみなさんへ,にっぽんのみらいをになうみなさんへ
日本は今も、これからも、二級国家にはなりません,にっぽんはいまもこれからもにきゅうこっかにはなりません
日本は昔から差別をするような国ではない,にっぽんはむかしからさべつをするようなくにではない
日本よ、日本人よ、世界の真ん中で咲き誇れ！,にっぽんよにほんじんよせかいのまんなかでさきほこれ
人間としてどうなのかなと,にんげんとしてどうなのかなと
布マスクを確保し、順次必要な枚数を配布してまいります。,ぬのますくをかくほしじゅんじひつようなまいすうをはいふしてまいります
年末に向けて財布のひもをグッと開いてもらいたい,ねんまつにむけてさいふのひもをぐっとひらいてもらいたい
野田さんは安定感がありましたよ,のださんはあんていかんがありましたよ
野田氏が首相になったら、中途半端にまともなだけに攻めにくいな,のだしがしゅしょうになったらちゅうとはんぱにまともなだけにせめにくいな
野田総理、いつもこんななんですよ。いつもこんななんです。,のだそうりいつもこんななんですよいつもこんななんです
Buy my Abenomics,びーゆーわいえむわいえーびーいーえぬおーえむあいしーえす
バカみたいな質問だな、いつも,ばかみたいなしつもんだないつも
バクシンの友,ばくしんのとも
パクチー栽培を行うため、東京から移住してきました,ぱくちさいばいをおこなうためとうきょうからいじゅうしてきました
800円で大臣を辞めさせるのですか,はちぜろぜろえんでだいじんをやめさせるのですか
はっぴを着てハッピー,はっぴをきてはっぴ
早く質問しろよ,はやくしつもんしろよ
林さんは中国のハニートラップにかかってるでしょうね,はやしさんはちゅうごくのはにとらっぷにかかってるでしょうね
韓鶴子総裁をはじめ皆さまに敬意を表します。,かんつるこそうさいをはじめみなさまにけいいをあらわします
パンプスの着用を強制するのは許されない,ぱんぷすのちゃくようをきょうせいするのはゆるされない
非常にしつこい,ひじょうにしつこい
非常にジューシー,ひじょうにじゅし
非常に生乳たっぷり,ひじょうにせいにゅうたっぷり
"""非正規""という言葉をこの国から一掃してまいります",ひせいきということばをこのくにからいっそうしてまいります
一つだけ大きなミスを犯してしまいました。エレベーターまでつけてしまいました,ひとつだけおおきなみすをおかしてしまいましたえれべたまでつけてしまいました
人として根本的にダメだ,にんとしてこんぽんてきにだめだ
人に対して威張ったり、地位を利用して従わせるのではなく、まず自分の人格や魅力を磨くのが大事,にんにたいしていばったりちいをりようしてしたがわせるのではなくまずじぶんのじんかくやみりょくをみがくのがだいじ
批判を受ければ受けるほどやってやろうという闘志が湧いてきます,ひはんをうければうけるほどやってやろうというとうしがわいてきます
批評するだけの人間に価値はありません,ひひょうするだけのにんげんにかちはありません
100の言葉より1の結果であります,いちぜろぜろのことばよりいちのけっかであります
貧乳時代宣言をここに発令いたします,ひんにゅうじだいせんげんをここにはつれいいたします
(夫婦別姓に)反対している人がいるんだよねー,ふうふべっせいにはんたいしているにんがいるんだよね
フジサンケイグループの皆さまに改めて敬意を表します,ふじさんけいぐるぷのみなさまにあらためてけいいをあらわします
復興五輪と言うべき本年のオリンピック・パラリンピックなどの機会を通じて、復興しつつある被災地の姿を実感していただきたい,ふっこうごりんというべきほんねんのおりんぴっくぱらりんぴっくなどのきかいをつうじてふっこうしつつあるひさいちのすがたをじっかんしていただきたい
不毛なレッテル貼りはやめお互いに政策論争をしていきましょう,ふもうなれってるはりはやめおたがいにせいさくろんそうをしていきましょう
"Please, look at me.",ぴーえるいーえーえすいーえるおーおーけーえーてぃーえむいー
ぷりぷり。元気が出そう,ぷりぷりげんきがだそう
プリンとしていて中から美味しい汁が出てきて…,ぷりんとしていてなかからおいしいしるがでてきて
雰囲気がどうであれ、その場において、政治家が語る言葉は真実を語らなければならない,ふんいきがどうであれそのばにおいてせいじかがかたることばはしんじつをかたらなければならない
米国に二人の大統領が存在するということを世界に示してはならない,べいこくにふたりのだいとうりょうがそんざいするということをせかいにしめしてはならない
米国の国民が戦死者に敬意を示す場所であるアーリントン国立墓地を考えてみてください,べいこくのこくみんがせんししゃにけいいをしめすばしょであるありんとんこくりつぼちをかんがえてみてください
平和を愛する諸国民って誰ですかってことなんですよね,へいわをあいするしょこくみんってだれですかってことなんですよね
ペット用のセサミンを家内が飲んでいたことがあったんです,ぺっとようのせさみんをかないがのんでいたことがあったんです
法律についての説明は全く正しいと思いますよ、私は総理大臣なんですから,ほうりつについてのせつめいはまったくただしいとおもいますよわたしはそうりだいじんなんですから
報道が間違えた原因が私にあるかのように、また妻にあるかのように言うのは、それは間違っていますよ,ほうどうがまちがえたげんいんがわたしにあるかのようにまたつまにあるかのようにいうのはそれはまちがっていますよ
「報道しない自由」によって握り潰されています,ほうどうしないじゆうによってにぎりつぶされています
「僕ちゃん知らない」なんて私、一言でも言いました？,ぼくちゃんしらないなんてわたしひとことでもいいました
僕は同期のみんなを安倍政権で大事にする,ぼくはどうきのみんなをあべせいけんでだいじにする
誇りは砕け散ってしまった、もう安倍晋三は終わった,ほこりはくだけちってしまったもうあべしんぞうはおわった
ポツダム宣言というのは、アメリカが原子爆弾を二発も落として日本に大変な惨状を与えたあと、「どうだ」とばかり叩きつけたものです,ぽつだむせんげんというのはあめりかがげんしばくだんをにはつもおとしてにっぽんにたいへんなさんじょうをあたえたあとどうだとばかりたたきつけたものです
ほとんどの教科書に自衛隊が違憲であるという記述があります,ほとんどのきょうかしょにじえいたいがいけんであるというきじゅつがあります
本日、我が党所属であった現職国会議員が逮捕されたことについては、大変遺憾であります,ほんじつわがとうしょぞくであったげんしょくこっかいぎいんがたいほされたことについてはたいへんいかんであります
ほんとこのボール、3分もたないね,ほんとこのぼるさんふんもたないね
まあいいじゃんそういうの,まあいいじゃんそういうの
よくないですよ,よくないですよ
まぁ空想にとどまって思考停止なのかなと、こんな感じがするわけであります,まぁくうそうにとどまってしこうていしなのかなとこんなかんじがするわけであります
マイメロに検討していきたい,まいめろにけんとうしていきたい
前原さんはいろいろ活動されていて、本当に選挙強いね,まえはらさんはいろいろかつどうされていてほんとうにせんきょつよいね
まさに、「国家機密」です（笑）,まさにこっかきみつですわらい
まさに ビューティフルハーモニー（令和）ではないか,まさにびゅてぃふるはもにれいわではないか
まさに我が国が禁治産者であるということを宣言するような極めて恥ずかしい政府見解ではないか,まさにわがくにがきんちさんしゃであるということをせんげんするようなきわめてはずかしいせいふけんかいではないか
まずですねあまり人を指すのはやめた方がいいですよ,まずですねあまりにんをさすのはやめたほうがいいですよ
まず、我が国が武力攻撃を受けた、これは、蓋然性については、まさに──ちょっと待ってください。,まずわがくにがぶりょくこうげきをうけたこれはがいぜんせいについてはまさにちょっとまってください
まったく言ってないことを言ったかのごとく言うのはデマゴーグ,まったくいってないことをいったかのごとくいうのはでまごぐ
全く素人の人たちが、たった８日間でつくり上げた代物だ,まったくしろうとのにんたちがたったにちかんでつくりあげたしろものだ
まるで私たちがですね、統計をいじってアベノミクスをよくしようとしている、そんなことできるはずないじゃないですか,まるでわたしたちがですねとうけいをいじってあべのみくすをよくしようとしているそんなことできるはずないじゃないですか
見方によってはですね、それには、応じるかもしれない、ということかもしれない、という分析も出来るんだろうな、と思っています,みかたによってはですねそれにはおうじるかもしれないということかもしれないというぶんせきもできるんだろうなとおもっています
ミクロで見ていけばですね、いろんな方々がおられます,みくろでみていけばですねいろんなかたがたがおられます
見た目が結構迫力があったものでございますから、少しこわごわ手を出したところ、ぺろっとなめていただいたんです,みためがけっこうはくりょくがあったものでございますからすこしこわごわてをだしたところぺろっとなめていただいたんです
みっともない憲法ですよ、はっきり言って,みっともないけんぽうですよはっきりいって
皆さんこういうことはやめましょう恥ずかしいですから,みなさんこういうことはやめましょうはずかしいですから
皆さん楽しんでますか,みなさんたのしんでますか
みなさんも我慢の限界、そんな思いなんだろうと思います,みなさんもがまんのげんかいそんなおもいなんだろうとおもいます
無理に国益を害するというつもりも全くございません,むりにこくえきをがいするというつもりもまったくございません
迷惑はかけない。 絶対に保証する,めいわくはかけないぜったいにほしょうする
もうこれは止めようよ,もうこれはとめようよ
もう少し国語力を鍛えていただきたい,もうすこしこくごりょくをきたえていただきたい
もし刑務所に入ることになったとしても、またがんばればいいんですよ,もしけいむしょにいることになったとしてもまたがんばればいいんですよ
もちろん応援しております,もちろんおうえんしております
もっと強気で行け。PMより,もっとつよきでいけぴーえむより
最も卑劣な行為だと思います,もっともひれつなこういだとおもいます
最早国籍や国境にこだわる時代は過ぎ去りました,もはやこくせきやこっきょうにこだわるじだいはすぎさりました
やじは議場の華,やじはぎじょうのはな
やじはやめて下さいよ,やじはやめてくださいよ
席からヤジるのだけはやめていただけますか,せきからやじるのだけはやめていただけますか
やっとそこまで来たんですね。,やっとそこまできたんですね
やっと「デフレではない」状況つくり出したがまだデフレから脱却していない,やっとでふれではないじょうきょうつくりだしたがまだでふれからだっきゃくしていない
やっぱり自共対決ですね。志位さんとの議論が一番かみ合う,やっぱりじきょうたいけつですねしいさんとのぎろんがいちばんかみあう
やはり大切なのは、物理的なバリアではなく心のバリアなのかなと思います,やはりたいせつなのはぶつりてきなばりあではなくこころのばりあなのかなとおもいます
やはり皆さんルールはしっかり守っていこうではありませんか,やはりみなさんるるはしっかりまもっていこうではありませんか
やれぇ！,やれぇ
優秀な外国人材の皆さんにもっと日本で活躍していただくためにこの制度は必要であります,ゆうしゅうながいこくじんざいのみなさんにもっとにっぽんでかつやくしていただくためにこのせいどはひつようであります
ゆずは九年の花盛り。このゆずまでは私も責任を持ってしっかりと大きな花を日本に咲かせていきたい,ゆずはきゅうねんのはなざかりこのゆずまではわたしもせきにんをもってしっかりとおおきなはなをにっぽんにさかせていきたい
よく暴走と言われますが、暴走して私はどこに行くんですか？私は何をしようとしているんですか？言ってる人に聞いてみたい,よくぼうそうといわれますがぼうそうしてわたしはどこにいくんですかわたしはなにをしようとしているんですかいってるにんにきいてみたい
与党から良い質問が出た,よとうからよいしつもんがでた
拉致問題を解決できるのは安倍政権だけだと私が言ったことはございません,らちもんだいをかいけつできるのはあべせいけんだけだとわたしがいったことはございません
リーマンブラザーズがもしリーマンブラザーズアンドシスターズだったら破綻しなかっただろう,りまんぶらざずがもしりまんぶらざずあんどしすたずだったらはたんしなかっただろう
輪転機をぐるぐる回して、日本銀行に無制限にお札を刷ってもらう,りんてんきをぐるぐるまわしてにっぽんぎんこうにむせいげんにおさつをすってもらう
ルイ16世と同じとまで言われると、多くの方々はそれは違うのではないかと思うのではないか,るいいちろくよとおなじとまでいわれるとおおくのかたがたはそれはちがうのではないかとおもうのではないか
ルール守んなきゃ,るるしゅんなきゃ
「令和」には、人々が美しく心を寄せ合う中で文化が生まれ育つという意味が込められております,れいわにはひとびとがうつくしくこころをよせあうなかでぶんかがうまれそだつといういみがこめられております
蓮舫が,れんほうが
ロシアの学生にはどんどん日本に来ていただけるよう、簡単にビザが取れるようにします,ろしあのがくせいにはどんどんにっぽんにきていただけるようかんたんにびざがとれるようにします
ロシアの、若人のために。,ろしあのわこうどのために
論理崩壊してるんじゃない？論理崩壊,ろんりほうかいしてるんじゃないろんりほうかい
わーくに,わくに
ワガグン,わがぐん
わたくしはおいそれと消えていなくなったりはしませんよ,わたくしはおいそれときえていなくなったりはしませんよ
わたくしはカムバックいたしました,わたくしはかむばっくいたしました
わたくしはめったに激怒しない人間としてですね,わたくしはめったにげきどしないにんげんとしてですね
私が完全勝利をしましたけれどもね、私が。この問題については完全に勝利をしました、菅さんに対して,わたしがかんぜんしょうりをしましたけれどもねわたしがこのもんだいについてはかんぜんにしょうりをしましたかんさんにたいして
私が国家ですよ,わたしがこっかですよ
私が話しているのは真実。それを信じてもらえないということになれば、予算委員会が成立しない,わたしがはなしているのはしんじつそれをしんじてもらえないということになればよさんいいんかいがせいりつしない
私がワンと一声吠えただけでみんな大慌てだよ,わたしがわんとひとこえほえただけでみんなだいあわてだよ
私だって職をかけて答弁してるんですよ 真面目に聞いてください！,わたしだってしょくをかけてとうべんしてるんですよまじめにきいてください
私と官房長官は短期間のうちに死亡するそうです（笑）,わたしとかんぼうちょうかんはたんきかんのうちにしぼうするそうですわらい
私にごまをすろう、おもねろうという意味での忖度は全く求めていない。そうすることによって人事に影響がある、偉くなることは全くあり得ない,わたしにごまをすろうおもねろうといういみでのそんたくはまったくもとめていないそうすることによってじんじにえいきょうがあるえらくなることはまったくありえない
私にとって憎っくき石井だ！,わたしにとってにくっくきいしいだ
私の足を掬うための財務省の策略の可能性がゼロではない,わたしのあしをすくうためのざいむしょうのさくりゃくのかのうせいがぜろではない
私の世代でこの問題に終止符を打つ,わたしのせだいでこのもんだいにしゅうしふをうつ
私の「ドリル」から無傷ではいられません,わたしのどりるからむきずではいられません
私は、漢方薬のようにじわじわと,わたしはかんぽうやくのようにじわじわと
私はこのドラマを副総理には見せないようにしようと思っている,わたしはこのどらまをふくそうりにはみせないようにしようとおもっている
私はそういう趣味だと思われていたんですよ（笑）,わたしはそういうしゅみだとおもわれていたんですよわらい
私は存じ上げておりません,わたしはぞんじあげておりません
私は頼まれたら断らない,わたしはたのまれたらことわらない
私は誰かをうそつきとは言いたくありません,わたしはだれかをうそつきとはいいたくありません
私は、幅広く募っているという認識でございまして、募集しているという認識ではなかったのであります。,わたしははばひろくつのっているというにんしきでございましてぼしゅうしているというにんしきではなかったのであります
私はまだ（ポツダム宣言の）その部分をつまびらかに読んでおりませんので,わたしはまだぽつだむせんげんのそのぶぶんをつまびらかによんでおりませんので
私はもう総理ではないから議論しろよという思いだ,わたしはもうそうりではないからぎろんしろよというおもいだ
私は立法府の長であります,わたしはりっぽうふのちょうであります
私や妻が関係していたということになれば総理大臣も国会議員も辞める,わたしやつまがかんけいしていたということになればそうりだいじんもこっかいぎいんもやめる
私達が責任を取ればいいというものではありません,わたしたちがせきにんをとればいいというものではありません
私を右翼の軍国主義者と呼びたいならばどうぞそうお呼びください,わたしをうよくのぐんこくしゅぎものとよびたいならばどうぞそうおよびください
われわれが仲介しているが、主催は参加者だ,われわれがちゅうかいしているがしゅさいはさんかしゃだ
███,
選挙での公明党の力は大きい,せんきょでのこうめいとうのちからはおおきい
ディミントー,でぃみんと
